{"cameraMode":{"drawMode":0,"name":"Shaded","section":"Shading Mode"},"sceneLighting":false,"audioPlay":false,"sceneViewState":{"showFog":true,"showMaterialUpdate":true,"showSkybox":true,"showFlares":true,"showImageEffects":true,"showParticleSystems":true},"in2DMode":false,"pivot":{"x":-8.104267120361329,"y":-5.783010005950928,"z":0.695220947265625},"rotation":{"x":-0.20278359949588777,"y":0.6474399566650391,"z":-0.18464194238185883,"w":-0.7110667824745178},"size":9.452319145202637,"orthographic":false}